month	term	estimate	std.error	statistic	p.value
apr	(Intercept)	-23.6410258780037	9.70853686295428	-2.43507607909621	0.0450834714292628
apr	wind	6.97117221195318	1.8828765155058	3.70240541774483	0.00763076575747664
